{"name":"Level 1","description":"","objects":[{"x":1.0,"y":-1.0499999523162842,"type":0,"size":3},{"x":1.0,"y":-0.30000001192092898,"type":0,"size":0},{"x":1.0,"y":0.0,"type":1,"size":0}]}